ChatGPT Utility in Healthcare Education, Research, and Practice: Systematic Review on the Promising Perspectives and Valid Concerns
Evaluating the Feasibility of ChatGPT in Healthcare: An Analysis of Multiple Clinical and Research Scenarios
The future landscape of large language models in medicine
Unraveling the Ethical Enigma: Artificial Intelligence in Healthcare
Novel research and future prospects of artificial intelligence in cancer diagnosis and treatment
A Systematic Review and Meta-Analysis of Artificial Intelligence Tools in Medicine and Healthcare: Applications, Considerations, Limitations, Motivation and Challenges
Assessing the Utility of ChatGPT Throughout the Entire Clinical Workflow: Development and Usability Study
Large language models propagate race-based medicine
Evaluating GPT as an Adjunct for Radiologic Decision Making: GPT-4 Versus GPT-3.5 in a Breast Imaging Pilot
Surviving ChatGPT in healthcare
Harnessing the Power of Large Language Models (LLMs) for Electronic Health Records (EHRs) Optimization
Harnessing Large Language Models in Nursing Care Planning: Opportunities, Challenges, and Ethical Considerations
Leveraging Generative AI and Large Language Models: A Comprehensive Roadmap for Healthcare Integration
Health and Medical Big Data Forum: Large Language Models in Healthcare
Generative AI and large language models in health care: pathways to implementation
The imperative for regulatory oversight of large language models (or generative AI) in healthcare
A study of generative large language model for medical research and healthcare
The application of large language models in medicine: A scoping review
Transformers and large language models in healthcare: A review
Timely need for navigating the potential and downsides of LLMs in healthcare and biomedicine
Comparison of Large Language Models in Answering Immuno-Oncology Questions: A Cross-Sectional Study
Artificial intelligence in healthcare: Complementing, not replacing, doctors and healthcare providers
Black Box Warning: Large Language Models and the Future of Infectious Diseases Consultation
Artificial intelligence: revolutionizing cardiology with large language models
Electronic medical record implementation in a large healthcare system from a leadership perspective
Opportunities and Challenges for ChatGPT and Large Language Models in Biomedicine and Health
Large Language Models for Efficient Medical Information Extraction
The shaky foundations of large language models and foundation models for electronic health records
The ethics of ChatGPT in medicine and healthcare: a systematic review on Large Language Models (LLMs)
Large language model application in emergency medicine and critical care
Large language models in physical therapy: time to adapt and adept
Ethics of large language models in medicine and medical research
An exploratory survey about using ChatGPT in education, healthcare, and research
Clinical and Surgical Applications of Large Language Models: A Systematic Review
Large language models and generative AI in telehealth: a responsible use lens
Language model and its interpretability in biomedicine: A scoping review
Overview of Chatbots with special emphasis on artificial intelligence-enabled ChatGPT in medical science
Evaluating large language models as agents in the clinic
The Emerging Role of Generative Artificial Intelligence in Medical Education, Research, and Practice
Assessing the research landscape and clinical utility of large language models: a scoping review
Transforming Virtual Healthcare: The Potentials of ChatGPT-4omni in Telemedicine
Emergence of artificial generative intelligence and its potential impact on urology
Faithful AI in Medicine: A Systematic Review with Large Language Models and Beyond
Large language models as decision aids in neuro-oncology: a review of shared decision-making applications
Evaluating Capabilities of Large Language Models: Performance of GPT4 on Surgical Knowledge Assessments
Challenging ChatGPT 3.5 in Senology-An Assessment of Concordance with Breast Cancer Tumor Board Decision Making
ChatGPT-4: Transforming Medical Education and Addressing Clinical Exposure Challenges in the Post-pandemic Era
AI chatbots not yet ready for clinical use
Beyond ChatGPT: What does GPT-4 add to healthcare? The dawn of a new era
Chain of Thought Utilization in Large Language Models and Application in Nephrology
Advancing Medical Practice with Artificial Intelligence: ChatGPT in Healthcare
Large Language Models for Healthcare Data Augmentation: An Example on Patient-Trial Matching
Intelligent systems in healthcare: A systematic survey of explainable user interfaces
Large Language Models in Hematology Case Solving: A Comparative Study of ChatGPT-3.5, Google Bard, and Microsoft Bing
Assessing ChatGPT's Proficiency in Simplifying Radiological Reports for Healthcare Professionals and Patients
"Artificial Intelligence (AI) in Radiology: A Deep Dive Into ChatGPT 4.0's Accuracy with the American Journal of Neuroradiology's (AJNR) ""Case of the Month"""
Potential applications and implications of large language models in primary care
ChatGPT and mental healthcare: balancing benefits with risks of harms
Applications of the Natural Language Processing Tool ChatGPT in Clinical Practice: Comparative Study and Augmented Systematic Review
AI-Enabled Medical Education: Threads of Change, Promising Futures, and Risky Realities Across Four Potential Future Worlds
Reporting Guidelines for Artificial Intelligence Studies in Healthcare (for Both Conventional and Large Language Models): What's New in 2024
ChatGPT: The transformative influence of generative AI on science and healthcare
Decision making with visualizations: a cognitive framework across disciplines
Reliability of large language models for advanced head and neck malignancies management: a comparison between ChatGPT 4 and Gemini Advanced
Large Language Model-Based Evaluation of Medical Question Answering Systems: Algorithm Development and Case Study
A Systematic Review of ChatGPT and Other Conversational Large Language Models in Healthcare
Generative artificial intelligence, patient safety and healthcare quality: a review
Comparing the Efficacy of Large Language Models ChatGPT, BARD, and Bing AI in Providing Information on Rhinoplasty: An Observational Study
Large Language Models for Social Determinants of Health Information Extraction from Clinical Notes - A Generalizable Approach across Institutions
Community-based adult hearing care provided by community healthcare workers using mHealth technologies
Large language models will not replace healthcare professionals: curbing popular fears and hype
Comparative Analysis of Artificial Intelligence Virtual Assistant and Large Language Models in Post-Operative Care
Foundation metrics for evaluating effectiveness of healthcare conversations powered by generative AI
Optimizing Clinical Decision Making with Decision Curve Analysis: Insights for Clinical Investigators
OpenMedLM: prompt engineering can out-perform fine-tuning in medical question-answering with open-source large language models
Can Large Language Models Generate Outpatient Clinic Letters at First Consultation That Incorporate Complication Profiles From UK and USA Aesthetic Plastic Surgery Associations?
Development of AI-generated medical responses using the ChatGPT for cancer patients
Harnessing the open access version of ChatGPT for enhanced clinical opinions
Perceptions of Barriers and Facilitators to a Pilot Implementation of an Algorithm-Supported Care Navigation Model of Care: A Qualitative Study
Developing ChatGPT for biology and medicine: a complete review of biomedical question answering
Integrating human expertise & automated methods for a dynamic and multi-parametric evaluation of large language models' feasibility in clinical decision-making
A chatbot based question and answer system for the auxiliary diagnosis of chronic diseases based on large language model
ChatGPT vs Medical Professional: Analyzing Responses to Laboratory Medicine Questions on Social Media
Applying Large Language Models to Interpret Qualitative Interviews in Healthcare
Challenges and barriers of using large language models (LLM) such as ChatGPT for diagnostic medicine with a focus on digital pathology – a recent scoping review
A Novel Evaluation Framework for Medical LLMs: Combining Fuzzy Logic and MCDM for Medical Relation and Clinical Concept Extraction
Evaluating ChatGPT 4.0's User Satisfaction Among Doctors Across Different Medical Departments
Prompt Engineering in Healthcare
Large Language Models and Healthcare Alliance: Potential and Challenges of Two Representative Use Cases
Feasibility and Educational Value of Clinical Cases Generated Using Large Language Models
Leveraging large language models to foster equity in healthcare
Large Language and Vision Assistant in dermatology: a game changer or just hype?
The Potential Impact of Large Language Models on Doctor–Patient Communication: A Case Study in Prostate Cancer
Symptom-BERT: Enhancing Cancer Symptom Detection in EHR Clinical Notes
OpenAI’s Sora in medicine: revolutionary advances in generative artificial intelligence for healthcare
The potential and pitfalls of using a large language model such as ChatGPT, GPT-4, or LLaMA as a clinical assistant
Enhancing Biomedical Question Answering with Large Language Models
The Future of Intelligent Healthcare: A Systematic Analysis and Discussion on the Integration and Impact of Robots Using Large Language Models for Healthcare
Large language models in healthcare: from a systematic review on medical examinations to a comparative analysis on fundamentals of robotic surgery online test
Large Language Model in Critical Care Medicine: Opportunities and Challenges
ChatGPT/GPT-4 (large language models): Opportunities and challenges of perspective in bariatric healthcare professionals
A Comparative Analysis of ChatGPT, ChatGPT-4, and Google Bard Performances at the Advanced Burn Life Support Exam
Heterogeneous Knowledge Grounding for Medical Question Answering with Retrieval Augmented Large Language Model
Transitioning from “Dr. Google” to “Dr. ChatGPT”: the advent of artificial intelligence chatbots
A Promising Start and Not a Panacea: ChatGPT's Early Impact and Potential in Medical Science and Biomedical Engineering Research
Using Video Recognition AI x LLM to Automate the Creation of Reports
Potential for GPT Technology to Optimize Future Clinical Decision-Making Using Retrieval-Augmented Generation
Emerging approaches to human-robot collaboration in healthcare
Parameter-efficient fine-tuning large language model approach for hospital discharge paper summarization
The Role of Explainable AI and Evaluation Frameworks for Safe and Effective Integration of Large Language Models in Healthcare
Recent Advances in Large Language Models for Healthcare
The future of healthcare using multimodal AI: Technology that can read, see, hear and sense
Beyond the Waiting Room: Patient's Perspectives on the Conversational Nuances of Pre-Consultation Chatbots
AscleAI: A LLM-based Clinical Note Management System for Enhancing Clinician Productivity
Efficient healthcare with large language models: optimizing clinical workflow and enhancing patient care
Building Better AI Agents: A Provocation on the Utilisation of Persona in LLM-based Conversational Agents
Automating Clinical Trial Eligibility Screening: Quantitative Analysis of GPT Models versus Human Expertise
Conversational AI in health: Design considerations from a Wizard-of-Oz dermatology case study with users, clinicians and a medical LLM
Assisting the infection preventionist: Use of artificial intelligence for health care–associated infection surveillance
Letter to the Editor: Value-based Healthcare: Can Generative Artificial Intelligence and Large Language Models be a Catalyst for Value-based Healthcare?
Protocol for the development of the Chatbot Assessment Reporting Tool (CHART) for clinical advice
Enhancing Awareness and Self-diagnosis of Obstructive Sleep Apnea Using AI-Powered Chatbots: The Role of ChatGPT in Revolutionizing Healthcare
Large Language Models Performance Comparison of Emotion and Sentiment Classification
Assessing the role of GPT-4 in thyroid ultrasound diagnosis and treatment recommendations: enhancing interpretability with a chain of thought approach
Advancing the Production of Clinical Medical Devices Through ChatGPT
Large Language Models in Otolaryngology Residency Admissions: A Random Sampling Analysis
Complications Following Body Contouring: Performance Validation of Bard, a Novel AI Large Language Model, in Triaging and Managing Postoperative Patient Concerns
Artificial intelligence methods available for cancer research
Ethical Considerations of Artificial Intelligence in Health Care: Examining the Role of Generative Pretrained Transformer-4
(How) ChatGPT—Artificial Intelligence Thinks It Can Help/Harm Physiatry
Large Language Models and Artificial Intelligence: A Primer for Plastic Surgeons on the Demonstrated and Potential Applications, Promises, and Limitations of ChatGPT
Generative Pre-Trained Transformer-Empowered Healthcare Conversations: Current Trends, Challenges, and Future Directions in Large Language Model-Enabled Medical Chatbots
Enhancing Medical History Collection using LLMs
Exploring Generative Artificial Intelligence Research: A Bibliometric Analysis Approach
Large language models for medicine: a survey
How ChatGPT works: a mini review
Promise and Challenges of Generative AI in Healthcare Information Systems
Use of large language model-based chatbots in managing the rehabilitation concerns and education needs of outpatient stroke survivors and caregivers
REMONI: An Autonomous System Integrating Wearables and Multimodal Large Language Models for Enhanced Remote Health Monitoring
The current status and prospects of large language models in medical application and research
Enhancing Healthcare Information Accessibility Through a Generative Medical Chatbot
LLM-based Solutions for Healthcare Chatbots: a Comparative Analysis
AI AND BLOCKCHAIN FRAMEWORK FOR HEALTHCARE APPLICATIONS
The Evolution and Impact of Large Language Models in Artificial Intelligence
A Medical Diagnostic Assistant Based on LLM
Using AI and Big Data in the HealthCare Sector to help build a Smarter and more Intelligent HealthCare System
LLM-Based Framework for Administrative Task Automation in Healthcare
Chatbots utility in the healthcare industry: An umbrella review
"ChatGPT and Large Language Models in Healthcare; a Bibliometrics Analysis and Review"
Optimization of Smart Healthcare Services and Development Strategies Based on Large Language Models
AI Chatbots in Clinical Laboratory Medicine: Foundations and Trends
Evolution of ChatGPT evaluations in healthcare: Still at the beginning?
Artificial intelligence (AI) or augmented intelligence? How big data and AI are transforming healthcare: Challenges and opportunities
Large-Language-Models (LLM)-Based AI Chatbots: Architecture, In-Depth Analysis and Their Performance Evaluation
Automatic Multilingual Question Generation for Health Data Using LLMs
Generative AI for Transformative Healthcare: A Comprehensive Study of Emerging Models, Applications, Case Studies, and Limitations
Large AI Models in Health Informatics: Applications, Challenges, and the Future
A Review on Large Language Models: Architectures, Applications, Taxonomies, Open Issues and Challenges
A Novel AI-based chatbot Application for Personalized Medical Diagnosis and review using Large Language Models
Generative AI in Medicine and Healthcare: Promises, Opportunities and Challenges
A Study of Generative Large Language Model for Healthcare
Empowering Healthcare Professionals and Patients with ChatGPT: Applications and Challenges
ChatGPT and large language model (LLM) chatbots: The current state of acceptability and a proposal for guidelines on utilization in academic medicine
Large Language Models in Healthcare: A Review
AI-Supported Academic Advising: Exploring ChatGPT’s Current State and Future Potential toward Student Empowerment
Natural Language Processing for Clinical Text
ChatGPT: Exploring the Capabilities and Limitations of a Large Language Model for Conversational AI
Artificially Intelligent Billing in Spine Surgery: An Analysis of a Large Language Model
Decoding ChatGPT: A primer on large language models for clinicians
"FUTURE OF THE LANGUAGE MODELS IN HEALTHCARE: THE ROLE OF CHATGPT; [FUTURO DOS MODELOS DE LINGUAGEM NOS CUIDADOS EM SAÚDE: O PAPEL DO CHATGPT]"
A large language model for electronic health records
Large Language Models as Instructors: A Study on Multilingual Clinical Entity Extraction
Leveraging Large Language Models for Patient Engagement: The Power of Conversational AI in Digital Health
Application of large language models in professional fields
Enhancing Large Language Models for Clinical Decision Support by Incorporating Clinical Practice Guidelines
The Integration of ChatGPT With the Metaverse for Medical Consultations










